DEM,Runoff,FCO,Faults,Slope,SPI,TWI,Rain,TRI,UD,Aspect,Curvature,NDVI,Manning,FLOOD
1869,492.098999,1.80527,1385.119995,0.424931824,0.0370824,8.998396873,73,0.555012226,30.33621979,266.6238708,0.040527344,0.41481,0.050000001,1
1869,330.1059875,1.80302,1458.209961,6.14760685,2.6926999,7.421290874,73,0.466333717,34.35807419,94.89520264,-0.400390625,0.422476,0.050000001,1
1882,738.7160034,0.616477,79.5550003,6.14760685,2.6926999,7.421290874,73,0.466333717,34.35807419,94.89520264,-0.400390625,0.422476,0.050000001,1
1875,481.506012,1.5418,1014.349976,2.955601931,0.774449,7.75114584,57,0.370295018,33.32711411,141.8769989,0.200195313,0.386871,0.050000001,1
1881,412.0979919,1.38462,345,0.070779733,0,10.09762287,68,0.5,21.65376663,225,0,0.602766,0.050000001,1
1877,727.9069824,1.71877,880.5109863,2.695144653,0.235365,7.150399208,57,0.536610901,41.60894394,173.0737457,0.200195313,0.79302,0.050000001,1
1856,62.8171997,0.647462,4331.279785,6.027460098,6.3352199,8.214366913,57,0.452895135,38.67819595,112.9456635,-0.3203125,0.394865,0.050000001,1
1858,319.2319946,3.01072,2761.810059,0.637042284,0,7.900319576,57,0.546059906,46.26992416,348.7008362,0.438964844,0.435582,0.050000001,1
1858,319.2319946,3.01072,2761.810059,0.637042284,0,7.900319576,57,0.546059906,46.26992416,348.7008362,0.438964844,0.435582,0.050000001,1
1858,319.2319946,3.01072,2761.810059,0.637042284,0,7.900319576,57,0.546059906,46.26992416,348.7008362,0.438964844,0.435582,0.050000001,1
1877,1420.280029,0.89349,479.2349854,0.176949322,0,9.181329727,57,0.445121944,36.21577072,351.8699036,0,0.431079,0.050000001,1
1868,1702.329956,2.71946,1519.189941,0.25764212,0,8.805618286,48,0.445121944,36.85246658,209.0546112,0.040039063,0.525425,0.050000001,1
1868,1702.329956,2.71946,1519.189941,0.25764212,0,8.805618286,48,0.445121944,36.85246658,209.0546112,0.040039063,0.525425,0.050000001,1
1868,1702.329956,2.71946,1519.189941,3.901986837,0.341034,6.779555798,68,0.404296875,13.75363255,310.3242493,-0.120605469,0.433795,0.050000001,1
1886,1489.030029,2.49,543.401001,5.482766628,1.91968,7.354210854,48,0.546793282,44.11299515,170.0186157,-0.440917969,0.394252,0.050000001,1
1886,1489.030029,2.49,543.401001,3.901986837,0.341034,6.779555798,68,0.404296875,13.75363255,310.3242493,-0.120605469,0.433795,0.050000001,1
1848,888.7050171,1.21911,6112.27002,0.25764212,0,8.805618286,48,0.445121944,36.85246658,209.0546112,0.040039063,0.525425,0.050000001,1
1903,848.8339844,1.36736,1448.229981,1.400986314,0,7.112066269,57,0.526539266,31.94358253,124.8151321,0.000488281,0.386776,0.050000001,1
1848,888.7050171,1.21911,6112.27002,0.25764212,0,8.805618286,48,0.445121944,36.85246658,209.0546112,0.040039063,0.525425,0.050000001,1
1886,1489.030029,2.49,543.401001,5.482766628,1.91968,7.354210854,48,0.546793282,44.11299515,170.0186157,-0.440917969,0.394252,0.050000001,1
1886,1489.030029,2.49,543.401001,0.706934273,2.6528299,11.58039761,57,0.456005126,33.24293137,44.96501923,-1.120605469,0.417461,0.050000001,1
1903,848.8339844,1.36736,1448.229981,0.743598223,0.324469,9.537399292,68,0.495005548,35.38334656,227.72789,-0.080078125,0.403791,0.050000001,1
1855,610.3770142,0.647846,4206.180176,0.223415762,0,8.94815731,57,0.55510205,36.12952423,333.4699402,0.040039063,0.431079,0.050000001,1
1861,371.4299927,5.5265498,2298.879883,1.8399086,0.481844,8.225675583,57,0.5,25.98453522,42.79533386,-0.000976563,0.495034,0.050000001,1
1861,371.4299927,5.5265498,2298.879883,1.389656544,0,7.12018919,57,0.409610987,28.42610359,300.2645874,0.280761719,0.540376,0.050000001,1
1862,652.2709961,5.4920998,1838.599976,1.389656544,0,7.12018919,57,0.409610987,28.42610359,300.2645874,0.280761719,0.540376,0.050000001,1
1865,922.1420288,4.3715301,1601.930054,0.176949322,0,9.181329727,57,0.445121944,36.21577072,351.8699036,0,0.431079,0.050000001,1
1862,669.5079956,5.4920998,1868.099976,2.265282869,16.8115997,11.08556747,57,0.669315934,39.81265259,222.3136749,-1.518554688,0.426825,0.050000001,1
1870,1501.880005,2.7713001,1148.310059,1.389656544,0,7.12018919,57,0.409610987,28.42610359,300.2645874,0.280761719,0.540376,0.050000001,1
1862,652.2709961,5.4920998,1838.599976,2.265282869,16.8115997,11.08556747,57,0.669315934,39.81265259,222.3136749,-1.518554688,0.426825,0.050000001,1
1859,598.7930298,2.30639,2609.889893,0.855966687,0.149403,8.703502655,57,0.475254238,37.37088013,142.1250153,-0.16015625,0.396755,0.050000001,1
1896,1247.280029,1.76837,748.6359863,0.824964583,0.503969,9.7212286,48,0.457259148,37.92759323,268.2617188,0.000488281,0.561809,0.050000001,1
1862,12.5299997,6.4554501,1695.77002,1.717546701,3.1484599,9.999287605,48,0.496786624,43.04270554,188.3777313,-0.080078125,0.461658,0.050000001,1
1862,12.5299997,6.4554501,1695.77002,4.051232338,1.06236,7.435046673,57,0.506239831,46.36001968,271.4201355,-0.480957031,0.442858,0.050000001,1
1862,12.5299997,6.4554501,1695.77002,4.051232338,1.06236,7.435046673,57,0.506239831,46.36001968,271.4201355,-0.480957031,0.442858,0.050000001,1
1862,12.5299997,6.4554501,1695.77002,4.051232338,1.06236,7.435046673,57,0.506239831,46.36001968,271.4201355,-0.480957031,0.442858,0.050000001,1
1863,100.1800003,6.60356,1616.640015,4.051232338,1.06236,7.435046673,57,0.506239831,46.36001968,271.4201355,-0.480957031,0.442858,0.050000001,1
1857,179.1759949,1.6778001,3102.689941,1.073229432,0.0936663,8.071799278,57,0.570382416,39.03839493,117.7600555,0.081054688,0.41481,0.050000001,1
1862,12.5299997,6.4554501,1695.77002,1.566406131,0.957085,9.079849243,57,0.592573762,44.4516716,73.28792572,-0.239746094,0.446713,0.050000001,1
1862,12.5299997,6.4554501,1695.77002,0.928004682,0,7.524072647,68,0.453713119,32.20877075,94.62125397,0.200683594,0.565584,0.050000001,1
1859,432.0050049,2.57671,2416.959961,4.051232338,1.06236,7.435046673,57,0.506239831,46.36001968,271.4201355,-0.480957031,0.442858,0.050000001,1
1889,1272.880005,3.9400301,300.1069946,4.051232338,1.06236,7.435046673,57,0.506239831,46.36001968,271.4201355,-0.480957031,0.442858,0.050000001,1
1879,1288.680054,1.4736201,6.3245602,1.140486002,1.39353,10.02590466,57,0.483098596,45.5288887,307.8480835,-1.319824219,0.473185,0.050000001,1
1890,854.9569702,4.7871799,669.3889771,1.982527137,0.692297,8.374107361,48,0.513733447,44.84996796,103.8672562,-0.080078125,0.414068,0.050000001,1
1889,975.7919922,4.72331,564.8410034,1.106912971,1.1592799,9.912691116,48,0.48732394,45.1636467,71.56504822,-0.039550781,0.422347,0.050000001,1
1890,854.9569702,4.7871799,669.3889771,3.231534481,7.3397799,9.571259499,57,0.547515273,33.7150116,351.9984436,-3.399414063,0.475894,0.050000001,1
1886,949.4509888,4.60811,404.7380066,1.974645853,8.6192904,10.70048141,68,0.484375,43.05821991,180.72612,-0.560546875,0.379228,0.050000001,1
1900,178.6000061,1.29004,950.2360229,0.446695,0.0389816,8.948447227,68,0.501018345,39.93029785,116.5825577,0.000488281,0.589128,0.050000001,1
1886,949.4509888,4.60811,404.7380066,0.269521177,0,8.760541916,48,0.520325184,47.43917847,68.19859314,0.080078125,0.372101,0.050000001,1
1886,949.4509888,4.60811,404.7380066,7.918898106,4.1728601,7.319704056,57,0.64430505,34.76230621,32.88779449,2.238769531,0.387949,0.050000001,1
1858,431.0509949,2.5443399,2475.840088,2.164442539,1.1338201,8.622713089,48,0.46995306,43.664505,83.36898041,0.240234375,0.563044,0.050000001,1
1895,320.0390015,3.3315401,1208.150024,7.918898106,4.1728601,7.319704056,57,0.64430505,34.76230621,32.88779449,2.238769531,0.387949,0.050000001,1
1858,431.0509949,2.5443399,2475.840088,2.651650429,2.0840499,8.776129723,48,0.520753384,44.03873825,135,-0.159667969,0.423131,0.050000001,1
1858,431.0509949,2.5443399,2475.840088,7.918898106,4.1728601,7.319704056,57,0.64430505,34.76230621,32.88779449,2.238769531,0.387949,0.050000001,1
1877,893.1229858,2.1989,242.2660065,1.106912971,1.1592799,9.912691116,48,0.48732394,45.1636467,71.56504822,-0.039550781,0.422347,0.050000001,1
1853,1100.77002,2.9649999,3390.370117,0.446695,0.0389816,8.948447227,68,0.501018345,39.93029785,116.5825577,0.000488281,0.589128,0.050000001,1
1861,13,4.61099,792.5479736,7.918898106,4.1728601,7.319704056,57,0.64430505,34.76230621,32.88779449,2.238769531,0.387949,0.050000001,1
1861,13,4.61099,792.5479736,0.446695,0.0389816,8.948447227,68,0.501018345,39.93029785,116.5825577,0.000488281,0.589128,0.050000001,1
1861,13,4.61099,792.5479736,1.982527137,0.692297,8.374107361,48,0.513733447,44.84996796,103.8672562,-0.080078125,0.414068,0.050000001,1
1861,13,4.61099,792.5479736,7.918898106,4.1728601,7.319704056,57,0.64430505,34.76230621,32.88779449,2.238769531,0.387949,0.050000001,1
1861,13,4.61099,792.5479736,1.106912971,1.1592799,9.912691116,48,0.48732394,45.1636467,71.56504822,-0.039550781,0.422347,0.050000001,1
1861,13,4.61099,792.5479736,7.918898106,4.1728601,7.319704056,57,0.64430505,34.76230621,32.88779449,2.238769531,0.387949,0.050000001,1
1854,1187.560059,3.05832,3268.689941,1.226950645,0.963776,9.547341347,48,0.389179766,44.16366959,176.5063324,-0.160644531,0.477658,0.050000001,1
1862,83.9524002,1.8207099,1548.979981,3.170612812,177.8119965,12.76063919,57,0.320248932,37.54286194,322.0447388,-1.799804688,0.467496,0.050000001,1
1883,851.0319824,3.7957301,407.4129944,2.963610888,0,6.362142086,57,0.638376355,33.98271179,207.6390076,0.520019531,0.382487,0.050000001,1
1877,774.09198,2.27985,217.496994,0.605776906,1.95601,11.58823395,48,0.5,44.67792892,308.2901611,0.16015625,0.406973,0.050000001,1
1853,1248.130005,3.0611601,3296.310059,3.688278913,4.5122399,8.850949287,48,0.493613392,39.79618073,74.26754761,0.000976563,0.407748,0.050000001,1
1854,1275.930054,2.98733,3325.469971,0.823147297,0.93388,10.28304958,57,0.444444448,45.73740005,160.4633484,-0.240234375,0.399259,0.050000001,1
1893,22.2035999,1.86155,887.0139771,3.170612812,177.8119965,12.76063919,57,0.320248932,37.54286194,322.0447388,-1.799804688,0.467496,0.050000001,1
1890,222.4100037,2.90785,1190.699951,3.170612812,177.8119965,12.76063919,57,0.320248932,37.54286194,322.0447388,-1.799804688,0.467496,0.050000001,1
1868,12.0416002,9.8467398,179.7389984,3.170612812,177.8119965,12.76063919,57,0.320248932,37.54286194,322.0447388,-1.799804688,0.467496,0.050000001,1
1868,12.0416002,9.8467398,179.7389984,3.170612812,177.8119965,12.76063919,57,0.320248932,37.54286194,322.0447388,-1.799804688,0.467496,0.050000001,1
1868,12.0416002,9.8467398,179.7389984,0.414227754,0.0361482,9.023910522,68,0.421951234,45.06014633,244.9831085,0,0.375665,0.050000001,1
1868,12.0416002,9.8467398,179.7389984,3.170612812,177.8119965,12.76063919,57,0.320248932,37.54286194,322.0447388,-1.799804688,0.467496,0.050000001,1
1868,12.0416002,9.8467398,179.7389984,1.861046791,0,6.827951431,68,0.546386719,45.80037689,263.8341064,0.241210938,0.386713,0.050000001,1
1868,12.0416002,9.8467398,179.7389984,0.670383871,2.3986499,11.58697033,68,0.500763357,44.72220993,206.6117096,-0.239746094,0.388786,0.050000001,1
1868,12.0416002,9.8467398,179.7389984,3.170612812,177.8119965,12.76063919,57,0.320248932,37.54286194,322.0447388,-1.799804688,0.467496,0.050000001,1
1868,12.0416002,9.8467398,179.7389984,3.170612812,177.8119965,12.76063919,57,0.320248932,37.54286194,322.0447388,-1.799804688,0.467496,0.050000001,1
1868,12.0416002,9.8467398,179.7389984,3.170612812,177.8119965,12.76063919,57,0.320248932,37.54286194,322.0447388,-1.799804688,0.467496,0.050000001,1
1868,12.0416002,9.8467398,179.7389984,3.170612812,177.8119965,12.76063919,57,0.320248932,37.54286194,322.0447388,-1.799804688,0.467496,0.050000001,1
1868,12.0416002,9.8467398,179.7389984,3.170612812,177.8119965,12.76063919,57,0.320248932,37.54286194,322.0447388,-1.799804688,0.467496,0.050000001,1
1868,12.0416002,9.8467398,179.7389984,3.170612812,177.8119965,12.76063919,57,0.320248932,37.54286194,322.0447388,-1.799804688,0.467496,0.050000001,1
1868,12.0416002,9.8467398,179.7389984,3.170612812,177.8119965,12.76063919,57,0.320248932,37.54286194,322.0447388,-1.799804688,0.467496,0.050000001,1
1868,12.0416002,9.8467398,179.7389984,3.170612812,177.8119965,12.76063919,57,0.320248932,37.54286194,322.0447388,-1.799804688,0.467496,0.050000001,1
1868,12.0416002,9.8467398,179.7389984,3.170612812,177.8119965,12.76063919,57,0.320248932,37.54286194,322.0447388,-1.799804688,0.467496,0.050000001,1
1868,12.0416002,9.8467398,179.7389984,3.170612812,177.8119965,12.76063919,57,0.320248932,37.54286194,322.0447388,-1.799804688,0.467496,0.050000001,1
1857,1104.479981,2.21683,1945.319946,2.935092449,0.256355,7.064974785,68,0.543974936,37.84149933,35.99890518,0.120117188,0.428557,0.050000001,1
1857,1104.479981,2.21683,1945.319946,1.876795053,0,6.819519043,68,0.605431795,44.47086334,182.2831573,2.520019531,0.444869,0.050000001,1
1854,2078.48999,1.26815,2313.219971,2.354937315,54.2835007,12.17209339,68,0.56765008,42.10663605,189.1717987,-2.440917969,0.415857,0.050000001,1
1859,1213.140015,1.6193,1448.709961,2.354937315,54.2835007,12.17209339,68,0.56765008,42.10663605,189.1717987,-2.440917969,0.415857,0.050000001,1
1863,999.6500244,2.8835001,1018.280029,4.563976765,1.19736,7.315423489,57,0.570498466,37.00867462,317.2219543,-0.439453125,0.549212,0.050000001,1
1847,3339.449951,4.13098,5025.560059,0.889808536,2.4849701,11.0626173,68,0.549174428,46.854702,38.14729309,-1.280273438,0.391059,0.050000001,1
1862,1321.979981,4.37887,598.3239746,3.242961168,0,6.271887302,68,0.493539125,25.85299873,109.8366165,1.200683594,0.411011,0.050000001,1
1866,1334.959961,5.9815698,613.1489868,0.889808536,2.4849701,11.0626173,68,0.549174428,46.854702,38.14729309,-1.280273438,0.391059,0.050000001,1
1889,402.3049927,0.862162,307.5469971,0.430110604,3.49069,12.8364296,57,0.358562946,36.12287903,215.5282288,-0.601074219,0.548607,0.050000001,1
1848,3240.080078,8.88873,4271.540039,0.601375163,0.104962,9.056552887,48,0.416793883,30.79841423,311.6262817,-0.041015625,0.344503,0.050000001,1
1848,3240.080078,8.88873,4271.540039,1.364423156,1.42907,9.703469276,57,0.490308672,41.83137131,283.7938232,-0.079589844,0.379318,0.050000001,1
1848,3207.649902,8.3775597,4162.720215,0.889808536,2.4849701,11.0626173,68,0.549174428,46.854702,38.14729309,-1.280273438,0.391059,0.050000001,1
1876,89.4427032,1.0036401,33.1058998,1.364423156,1.42907,9.703469276,57,0.490308672,41.83137131,283.7938232,-0.079589844,0.379318,0.050000001,1
1867,1460.290039,10.9974003,390.6159973,0.889808536,2.4849701,11.0626173,68,0.549174428,46.854702,38.14729309,-1.280273438,0.391059,0.050000001,1
1866,1420.439941,9.9598703,427.9679871,0.889808536,2.4849701,11.0626173,68,0.549174428,46.854702,38.14729309,-1.280273438,0.391059,0.050000001,1
1847,3360.77002,9.6406298,4389.629883,0.707797945,0,7.794987202,68,0.620549321,36.83706284,312.1690063,0.318847656,0.384109,0.050000001,1
1847,3360.77002,9.6406298,4389.629883,0.889808536,2.4849701,11.0626173,68,0.549174428,46.854702,38.14729309,-1.280273438,0.391059,0.050000001,1
1865,1259.790039,12.5139999,412.0979919,0.707797945,0,7.794987202,68,0.620549321,36.83706284,312.1690063,0.318847656,0.384109,0.050000001,1
1874,1508.319946,7.0257101,204.8410034,2.624747038,1.37525,8.429667473,68,0.515353322,36.53068924,287.7355347,0.118652344,0.506848,0.050000001,1
1847,3360.77002,9.6406298,4389.629883,0.889808536,2.4849701,11.0626173,68,0.549174428,46.854702,38.14729309,-1.280273438,0.391059,0.050000001,1
1874,1508.319946,7.0257101,204.8410034,0.679480135,0,7.835822105,57,0.516152203,40.1722374,353.6825562,0.081054688,0.417357,0.050000001,1
1847,3360.77002,9.6406298,4389.629883,7.857289314,0.689997,6.074852943,68,0.42275852,35.02993774,276.9422913,-1.12109375,0.48975,0.050000001,1
1847,3360.77002,9.6406298,4389.629883,0.889808536,2.4849701,11.0626173,68,0.549174428,46.854702,38.14729309,-1.280273438,0.391059,0.050000001,1
1847,3360.77002,9.6406298,4389.629883,1.153920412,0,7.306141376,68,0.601293087,35.71788406,265.0387878,0.320800781,0.402052,0.050000001,1
1847,3360.77002,9.6406298,4389.629883,3.227207184,1.4096,8.068525314,57,0.51267606,36.69535828,272.2165527,-0.041015625,0.426412,0.050000001,1
1847,3360.77002,9.6406298,4389.629883,4.014476299,0.350898,6.751044273,57,0.63178122,41.54195023,295.4410706,1.240722656,0.487604,0.050000001,1
1849,3252.959961,7.7595301,3867.080078,0.530847967,0,8.082692146,57,0.445121944,38.30107498,98.13010406,0.080078125,0.347182,0.050000001,1
1872,1063.449951,3.2883201,55.9463997,1.364423156,1.42907,9.703469276,57,0.490308672,41.83137131,283.7938232,-0.079589844,0.379318,0.050000001,1
1864,1368.469971,7.30797,224.7350006,7.857289314,0.689997,6.074852943,68,0.42275852,35.02993774,276.9422913,-1.12109375,0.48975,0.050000001,1
1874,1508.319946,7.0257101,204.8410034,1.933002234,0.506242,8.176281929,48,0.469018549,35.75589752,174.8006592,-0.600097656,0.457815,0.050000001,1
1874,1508.319946,7.0257101,204.8410034,1.364423156,1.42907,9.703469276,57,0.490308672,41.83137131,283.7938232,-0.079589844,0.379318,0.050000001,1
1854,2511.5,1.69853,1849.640015,3.549705744,2.4813001,8.378520966,57,0.307991117,33.48398972,11.79682064,-1.240722656,0.384305,0.050000001,1
1854,2511.5,1.69853,1849.640015,0.506705761,1.19391,11.4614439,57,0.540069699,40.0030098,122.9052429,0.040039063,0.394806,0.050000001,1
1867,1221.890015,13.6260004,311.5409851,7.043300152,18.5324001,8.926297188,46,0.489115387,54.60306931,68.98922729,-1.160644531,0.407885,0.050000001,1
1867,1221.890015,13.6260004,311.5409851,0.320039928,0,8.588740349,68,0.492146611,49.15208054,218.6512756,0.318847656,0.356735,0.050000001,1
1867,1221.890015,13.6260004,311.5409851,0.40267387,0,8.359053612,57,0.542740822,35.34041595,150.2874298,0.279296875,0.408748,0.050000001,1
1856,1935.930054,0.823836,1011.580017,0.601730049,11.9202003,13.38669586,57,0.556309342,35.39530945,175.2580719,-0.119628906,0.369847,0.050000001,1
1867,1221.890015,13.6260004,311.5409851,2.012652159,1.2299401,8.829017639,57,0.493670881,33.86100388,153.4388275,-0.0390625,0.401253,0.050000001,1
1867,1221.890015,13.6260004,311.5409851,0.40267387,0,8.359053612,57,0.542740822,35.34041595,150.2874298,0.279296875,0.408748,0.050000001,1
1867,1221.890015,13.6260004,311.5409851,0.40267387,0,8.359053612,57,0.542740822,35.34041595,150.2874298,0.279296875,0.408748,0.050000001,1
1865,1211.079956,8.4457197,55.3172989,3.704786062,0,6.138422489,68,0.281871617,42.38527679,58.23975372,-1.440429688,0.398849,0.050000001,1
1867,1221.890015,13.6260004,311.5409851,0.320039928,0,8.588740349,68,0.492146611,49.15208054,218.6512756,0.318847656,0.356735,0.050000001,1
1867,1221.890015,13.6260004,311.5409851,7.043300152,18.5324001,8.926297188,46,0.489115387,54.60306931,68.98922729,-1.160644531,0.407885,0.050000001,1
1867,1221.890015,13.6260004,311.5409851,1.311989307,1.0306,9.480306625,68,0.493559331,42.26160049,149.0499573,0.079101563,0.369252,0.050000001,1
1867,1221.890015,13.6260004,311.5409851,0.320039928,0,8.588740349,68,0.492146611,49.15208054,218.6512756,0.318847656,0.356735,0.050000001,1
1867,1221.890015,13.6260004,311.5409851,0.320039928,0,8.588740349,68,0.492146611,49.15208054,218.6512756,0.318847656,0.356735,0.050000001,1
1850,3146.729981,4.9811602,3403.189941,4.998239994,0.437281,6.530962944,55,0.475681871,41.19498444,160.1179199,-0.319824219,0.470027,0.050000001,1
1881,219.4949951,1.9081399,144.8450012,0.40267387,0,8.359053612,57,0.542740822,35.34041595,150.2874298,0.279296875,0.408748,0.050000001,1
1875,1275,6.7349401,199.0399933,0.964674592,15.1542997,12.68380833,57,0.603312969,37.182827,53.43824005,-0.6796875,0.644277,0.050000001,1
1862,1220.900024,6.7194901,105.1190033,0.40267387,0,8.359053612,57,0.542740822,35.34041595,150.2874298,0.279296875,0.408748,0.050000001,1
1850,3146.729981,4.9811602,3403.189941,0.320039928,0,8.588740349,68,0.492146611,49.15208054,218.6512756,0.318847656,0.356735,0.050000001,1
1850,3146.729981,4.9811602,3403.189941,1.581331849,0.13803,7.684067249,72,0.449044585,36.06803513,124.7021484,-0.040527344,0.399767,0.050000001,1
1875,1275,6.7349401,199.0399933,7.043300152,18.5324001,8.926297188,46,0.489115387,54.60306931,68.98922729,-1.160644531,0.407885,0.050000001,1
1864,928.1920166,9.55933,155.2319946,0.601730049,11.9202003,13.38669586,57,0.556309342,35.39530945,175.2580719,-0.119628906,0.369847,0.050000001,1
1873,1092.900024,4.9878201,255.0019989,1.319616199,0,7.171924114,57,0.42737788,30.16123772,307.2939148,1.440429688,0.432323,0.050000001,1
1867,974.0180054,13.1499996,99.9250031,1.204017639,0.105084,7.956777573,48,0.470545977,33.08391571,41.65042496,-0.119628906,0.457377,0.050000001,1
1864,928.1920166,9.55933,155.2319946,0.964674592,15.1542997,12.68380833,57,0.603312969,37.182827,53.43824005,-0.6796875,0.644277,0.050000001,1
1867,974.0180054,13.1499996,99.9250031,0.672907114,2.3489599,11.55911541,57,0.488400489,42.66939545,318.0147095,0.040039063,0.382025,0.050000001,1
1864,928.1920166,9.55933,155.2319946,0.40267387,0,8.359053612,57,0.542740822,35.34041595,150.2874298,0.279296875,0.408748,0.050000001,1
1873,1092.900024,4.9878201,255.0019989,2.231979847,4.28719,9.781539917,72,0.428509146,39.08174896,195.6096497,-0.120117188,0.37777,0.050000001,1
1883,372.6499939,1.98467,193.3829956,1.865432978,2.60551,9.658807755,72,0.48732394,32.14330292,54.81754303,-0.239746094,0.385874,0.050000001,1
1864,928.1920166,9.55933,155.2319946,2.469709158,0.431305,7.643333912,68,0.451182306,48.87572098,238.2542725,0,0.388852,0.050000001,1
1848,2830.189941,9.0743999,3877.310059,1.795329809,0.940324,8.809835434,57,0.492569,34.87422562,102.876358,0.000976563,0.403157,0.050000001,1
1848,2830.189941,9.0743999,3877.310059,1.054508209,0.092032,8.089401245,57,0.472024411,37.50991821,84.58639526,-0.159179688,0.396317,0.050000001,1
1848,2830.189941,9.0743999,3877.310059,1.311989307,1.0306,9.480306625,68,0.493559331,42.26160049,149.0499573,0.079101563,0.369252,0.050000001,1
1848,2830.189941,9.0743999,3877.310059,1.581331849,0.13803,7.684067249,72,0.449044585,36.06803513,124.7021484,-0.040527344,0.399767,0.050000001,1
1848,2830.189941,9.0743999,3877.310059,3.482649326,0,6.200417519,72,0.414292991,35.98163605,29.68758965,0.840332031,0.465337,0.050000001,1
1863,1042.73999,5.50597,39.6231995,0.40267387,0,8.359053612,57,0.542740822,35.34041595,150.2874298,0.279296875,0.408748,0.050000001,1
1847,2795.120117,6.55792,4517.479981,1.311989307,1.0306,9.480306625,68,0.493559331,42.26160049,149.0499573,0.079101563,0.369252,0.050000001,1
1848,2830.189941,9.0743999,3877.310059,0.40267387,0,8.359053612,57,0.542740822,35.34041595,150.2874298,0.279296875,0.408748,0.050000001,1
1868,780.6049805,12.4038,115,0.320039928,0,8.588740349,68,0.492146611,49.15208054,218.6512756,0.318847656,0.356735,0.050000001,1
1871,741.132019,10.9088001,112.1780014,0.40267387,0,8.359053612,57,0.542740822,35.34041595,150.2874298,0.279296875,0.408748,0.050000001,1
1885,571.8410034,1.93336,258.3120117,0.601730049,11.9202003,13.38669586,57,0.556309342,35.39530945,175.2580719,-0.119628906,0.369847,0.050000001,1
1846,2576.199951,2.15781,4987.52002,2.012652159,1.2299401,8.829017639,57,0.493670881,33.86100388,153.4388275,-0.0390625,0.401253,0.050000001,1
1846,2576.199951,2.15781,4987.52002,1.261821032,270.3710022,15.02301311,49,0.463050842,27.40392113,56.30224609,-0.041015625,0.748762,0.050000001,1
1852,2407.27002,1.12432,2315.610107,1.964463353,17.1495991,11.38895035,48,0.58102107,30.00133133,75.24919128,-0.16015625,0.648855,0.050000001,1
1873,827.1129761,8.67906,19.1049995,0.40267387,0,8.359053612,57,0.542740822,35.34041595,150.2874298,0.279296875,0.408748,0.050000001,1
1846,2576.199951,2.15781,4987.52002,0.601730049,11.9202003,13.38669586,57,0.556309342,35.39530945,175.2580719,-0.119628906,0.369847,0.050000001,1
1864,678.4279785,5.7020702,392.821991,0.957283437,0,7.493004322,72,0.508282483,36.69679642,139.2402039,0.081054688,0.355515,0.050000001,1
1873,827.1129761,8.67906,19.1049995,0.672907114,2.3489599,11.55911541,57,0.488400489,42.66939545,318.0147095,0.040039063,0.382025,0.050000001,1
1869,658.289978,10.9913998,180.6130066,0.40267387,0,8.359053612,57,0.542740822,35.34041595,150.2874298,0.279296875,0.408748,0.050000001,1
1857,1718.310059,1.30266,1264.930054,1.777030468,35.6781006,12.31659412,72,0.388934106,38.20455551,320.7147522,-1.439453125,0.358128,0.050000001,1
1869,408.256012,7.7822499,244.3930054,2.425339222,0,6.562873363,72,0.596745014,38.07592773,98.3054657,1,0.368023,0.050000001,1
1870,442.2349854,5.5763302,461.3129883,6.035472393,7.9296298,8.420667648,72,0.5940997,40.68535614,83.81721497,0.720703125,0.387834,0.100000001,1
1871,353.2269897,7.1588302,115.8789978,1.874441624,0.654526,8.430212021,72,0.502906978,41.0655899,350.7907104,0.079589844,0.373054,0.050000001,1
1870,405.7630005,8.1133003,114.1620026,2.425339222,0,6.562873363,72,0.596745014,38.07592773,98.3054657,1,0.368023,0.050000001,1
1849,2146.699951,3.11731,3607.379883,2.354723454,0,6.592455864,55,0.562338114,52.53738403,127.2367249,0.438964844,0.372971,0.050000001,1
1874,354.95401,11.9935999,456.177002,2.030220032,0,6.740879536,72,0.538878858,36.97993851,279.9281616,0.760742188,0.391251,0.050000001,1
1874,354.95401,11.9935999,456.177002,4.300828457,3.38416,8.291337967,72,0.373943657,38.27488327,90.66677094,-2.919433594,0.368023,0.050000001,1
1873,235.4929962,12.1440001,494.5400085,1.671421885,0.583592,8.544920921,72,0.585690498,38.26472473,128.9228516,0.0390625,0.435253,0.050000001,1
1873,223.2709961,6.20433,570.6010132,2.425339222,0,6.562873363,72,0.596745014,38.07592773,98.3054657,1,0.368023,0.050000001,1
1873,235.4929962,12.1440001,494.5400085,1.166491866,0.916272,9.597887039,72,0.5,38.82791519,149.046524,0,0.39203,0.050000001,1
1872,249.0980072,12.1440001,457.9360046,2.425339222,0,6.562873363,72,0.596745014,38.07592773,98.3054657,1,0.368023,0.050000001,1
1873,235.4929962,12.1440001,494.5400085,1.359770179,0.118683,7.835085392,72,0.508354783,39.16492844,53.98397064,0.041015625,0.40385,0.050000001,1
1872,151.7140045,11.5282001,472.696991,2.906382799,15.7383003,10.52480793,49,0.395653456,32.82565689,35.20198059,-1.120605469,0.402234,0.050000001,1
1873,235.4929962,12.1440001,494.5400085,2.030220032,0,6.740879536,72,0.538878858,36.97993851,279.9281616,0.760742188,0.391251,0.050000001,1
1873,235.4929962,12.1440001,494.5400085,2.425339222,0,6.562873363,72,0.596745014,38.07592773,98.3054657,1,0.368023,0.050000001,1
1873,235.4929962,12.1440001,494.5400085,3.755713701,4.5949798,8.832779884,55,0.553618133,42.36494827,36.34193802,-0.920410156,0.516115,0.050000001,1
1902,779.8670044,1.0485899,297.8460083,2.425339222,0,6.562873363,72,0.596745014,38.07592773,98.3054657,1,0.368023,0.050000001,1
1875,628.3950195,7.8641601,548.8759766,6.81468153,22.1075993,9.163217545,49,0.51630044,29.40907288,71.83118439,0.119628906,0.401799,0.050000001,1
1873,235.4929962,12.1440001,494.5400085,0.919738114,0.0802678,8.226168633,72,0.499491364,35.9600029,67.63020325,0,0.318639,0.050000001,1
1873,145.9620056,12.0454998,595.2319946,3.473599195,0.303496,6.89617157,72,0.525432348,38.62514114,319.0896606,0.080078125,0.385888,0.050000001,1
1939,350.1690063,0.726687,1383.439941,0.772630095,0,7.707335949,72,0.562929034,36.98157883,330.9849548,0.959472656,0.422286,0.050000001,1
1875,398.4219971,9.5756397,654.2310181,2.425339222,0,6.562873363,72,0.596745014,38.07592773,98.3054657,1,0.368023,0.050000001,1
1873,204.0879974,10.7694998,729.0780029,1.065702915,1.76718,10.381423,55,0.422294557,40.98073578,309.2824707,-0.19921875,0.38916,0.050000001,1
1853,1466.630005,2.3006301,1438.229981,1.09190917,5.4319301,11.42183495,49,0.504225373,21.23355293,105.9629898,0.079589844,0.382608,0.050000001,1
1872,4.4721398,3.62218,609.6760254,0.326278448,0.341676,11.13438416,55,0.554878056,36.33320618,237.5288086,-0.040039063,0.434779,0.050000001,1
1872,106.8880005,10.9320002,747.572998,5.471595764,0,5.746827602,72,0.58881402,39.58430099,72.71917725,1.119140625,0.391187,0.050000001,1
1873,2,11.3963003,740.1420288,1.09190917,5.4319301,11.42183495,49,0.504225373,21.23355293,105.9629898,0.079589844,0.382608,0.050000001,1
1873,39.2173004,11.3963003,702,1.09190917,5.4319301,11.42183495,49,0.504225373,21.23355293,105.9629898,0.079589844,0.382608,0.050000001,1
1866,8.9442701,5.1944599,33.0150986,3.047687769,0.266208,7.027262211,72,0.531110466,36.15650177,97.05741119,-0.319335938,0.42553,0.050000001,1
1873,2.8284299,11.3963003,738.7689819,1.19615221,1.87915,10.21462536,72,0.178874731,36.3611908,116.0289841,-0.279785156,0.375416,0.050000001,1
1873,252.3670044,3.57987,68.7095032,0.601627707,108.2610016,15.58943748,72,0.518970191,36.69476318,16.92751312,-0.640625,0.501318,0.050000001,1
1884,424.2640076,6.2521901,33.6155014,3.290242195,0,6.257381916,72,0.553120673,37.98575211,24.22580719,2.159667969,0.452895,0.050000001,1
1882,209.5379944,6.8144598,74.8865967,5.581376076,0,5.726839066,72,0.611816406,37.48709488,260.1967163,2.639648438,0.452895,0.050000001,1
1853,1411.430054,2.3607199,1659.810059,5.177479744,0,5.802398682,72,0.601898968,41.49838638,205.4518738,0.919921875,0.541979,0.050000001,1
1882,209.5379944,6.8144598,74.8865967,1.09190917,5.4319301,11.42183495,49,0.504225373,21.23355293,105.9629898,0.079589844,0.382608,0.050000001,1
1882,209.5379944,6.8144598,74.8865967,3.047687769,0.266208,7.027262211,72,0.531110466,36.15650177,97.05741119,-0.319335938,0.42553,0.050000001,1
1882,209.5379944,6.8144598,74.8865967,2.309070349,1.61288,8.809279442,55,0.486736834,35.17942047,340.4011841,-0.000976563,0.375305,0.050000001,1
1882,209.5379944,6.8144598,74.8865967,3.047687769,0.266208,7.027262211,72,0.531110466,36.15650177,97.05741119,-0.319335938,0.42553,0.050000001,1
1859,587.8610229,0.624511,368.9819946,1.09190917,5.4319301,11.42183495,49,0.504225373,21.23355293,105.9629898,0.079589844,0.382608,0.050000001,1
1882,209.5379944,6.8144598,74.8865967,3.416177988,1.49233,8.011492729,55,0.393577486,36.19073105,51.53603363,-0.399902344,0.378866,0.050000001,1
1853,1411.430054,2.3607199,1659.810059,0.805801868,0.703229,10.0631876,72,0.481682509,45.57159042,352.8642273,-0.039550781,0.44442,0.050000001,1
1848,1589.23999,2.4747901,3822.699951,3.047687769,0.266208,7.027262211,72,0.531110466,36.15650177,97.05741119,-0.319335938,0.42553,0.050000001,1
1882,209.5379944,6.8144598,74.8865967,1.09190917,5.4319301,11.42183495,49,0.504225373,21.23355293,105.9629898,0.079589844,0.382608,0.050000001,1
1882,209.5379944,6.8144598,74.8865967,3.047687769,0.266208,7.027262211,72,0.531110466,36.15650177,97.05741119,-0.319335938,0.42553,0.050000001,1
1882,209.5379944,6.8144598,74.8865967,0.326278448,0.341676,11.13438416,55,0.554878056,36.33320618,237.5288086,-0.040039063,0.434779,0.050000001,1
1853,1411.430054,2.3607199,1659.810059,0.495026529,4.8383498,12.87994766,55,0.413251966,51.83893967,45,-0.720703125,0.452124,0.050000001,1
1848,1498.579956,2.5283699,4000.709961,1.622305155,1.27447,9.267910957,46,0.380070895,15.6818676,213.6930542,-0.520996094,0.363773,0.050000001,1
1850,1527.930054,1.51429,2886.600098,1.09190917,5.4319301,11.42183495,49,0.504225373,21.23355293,105.9629898,0.079589844,0.382608,0.050000001,1
1845,1514.880005,0.831067,5286.359863,1.09190917,5.4319301,11.42183495,49,0.504225373,21.23355293,105.9629898,0.079589844,0.382608,0.050000001,1
1875,302.2999878,7.7098098,1076.040039,2.291374683,0,6.619757175,49,0.538497627,25.87837601,96.89974976,0.600585938,0.448187,0.050000001,1
1866,11.7047005,5.7775102,276.8859863,3.047687769,0.266208,7.027262211,72,0.531110466,36.15650177,97.05741119,-0.319335938,0.42553,0.050000001,1
1866,11.7047005,5.7775102,276.8859863,1.09190917,5.4319301,11.42183495,49,0.504225373,21.23355293,105.9629898,0.079589844,0.382608,0.050000001,1
1866,11.7047005,5.7775102,276.8859863,0.326278448,0.341676,11.13438416,55,0.554878056,36.33320618,237.5288086,-0.040039063,0.434779,0.050000001,1
1866,11.7047005,5.7775102,276.8859863,3.963150263,0,6.070807457,72,0.67386955,36.94089508,29.48056412,1.87890625,0.452895,0.050000001,1
1866,11.7047005,5.7775102,276.8859863,2.780429125,0.242825,7.119198322,72,0.552390635,36.52298737,93.59320068,-0.038574219,0.47092,0.050000001,1
1866,11.7047005,5.7775102,276.8859863,3.395791769,17.8008995,10.33660603,55,0.530056357,52.17263794,13.62911797,-0.399902344,0.405924,0.050000001,1
1866,11.7047005,5.7775102,276.8859863,3.047687769,0.266208,7.027262211,72,0.531110466,36.15650177,97.05741119,-0.319335938,0.42553,0.050000001,1
1874,192.2109985,4.4344101,162.996994,2.725329161,33.3208008,11.39485741,72,0.569423258,38.97026062,269.4867249,-2.000488281,0.387491,0.050000001,1
1889,12.2066002,4.9395099,437.1560059,2.264925718,72.7725983,12.54217529,72,0.533740222,45.42074585,100.8103027,-0.360839844,0.401941,0.050000001,1
1874,192.2109985,4.4344101,162.996994,4.176342487,2.9207599,8.215456963,72,0.46596244,33.18016434,163.3023529,-1.360351563,0.450263,0.050000001,1
1889,12.2066002,4.9395099,437.1560059,4.176342487,2.9207599,8.215456963,72,0.46596244,33.18016434,163.3023529,-1.360351563,0.450263,0.050000001,1
1847,1087.150024,3.63908,4299,2.846320152,0.745766,7.78888607,55,0.548816562,48.07291031,198.4388275,-0.399902344,0.386977,0.050000001,1
1848,1011.309998,3.56111,3951.310059,0.956853032,2.00418,10.71232891,49,0.538028181,22.73142242,220.7578735,-0.079101563,0.3574,0.050000001,1
1941,547.5219727,3.3304501,1265,2.277165651,141.7599945,13.19686604,49,0.308420539,33.6450882,109.241127,-1.559570313,0.399673,0.050000001,1
1941,547.5219727,3.3304501,1265,1.561112285,0.272528,8.102407455,55,0.454968035,54.47608566,31.89734268,-0.079101563,0.442506,0.050000001,1
1941,547.5219727,3.3304501,1265,2.264925718,72.7725983,12.54217529,72,0.533740222,45.42074585,100.8103027,-0.360839844,0.401941,0.050000001,1
1925,41.2310982,2.0617499,1098.079956,1.234335542,0,7.238754272,55,0.701799512,45.45122147,58.23937225,0.439453125,0.406806,0.050000001,1
1941,547.5219727,3.3304501,1265,4.176342487,2.9207599,8.215456963,72,0.46596244,33.18016434,163.3023529,-1.360351563,0.450263,0.050000001,1
1874,185.151001,4.2446098,825.3790283,1.375338793,0.120042,7.823696613,55,0.33868894,49.56757355,88.98287201,-0.48046875,0.404393,0.050000001,1
1878,306.7409973,2.38889,1017.229981,2.277165651,141.7599945,13.19686604,49,0.308420539,33.6450882,109.241127,-1.559570313,0.399673,0.050000001,1
1878,306.7409973,2.38889,1017.229981,1.234335542,0,7.238754272,55,0.701799512,45.45122147,58.23937225,0.439453125,0.406806,0.050000001,1
1850,845.8989868,2.0242701,3069,2.277165651,141.7599945,13.19686604,49,0.308420539,33.6450882,109.241127,-1.559570313,0.399673,0.050000001,1
1878,306.7409973,2.38889,1017.229981,4.403812885,21.5632,10.00804996,49,0.504601836,36.0720787,146.584137,0.040039063,0.477549,0.050000001,1
1847,774.8150024,5.0640402,4395.52002,4.810674667,3.7871301,8.178835869,49,0.500098467,34.22193909,69.30016327,0.000976563,0.403828,0.050000001,1
1850,845.8989868,2.0242701,3069,0.956853032,2.00418,10.71232891,49,0.538028181,22.73142242,220.7578735,-0.079101563,0.3574,0.050000001,1
1943,540.2960205,3.29232,1182.880005,2.277165651,141.7599945,13.19686604,49,0.308420539,33.6450882,109.241127,-1.559570313,0.399673,0.050000001,1
1847,500.1090088,6.1689501,4748.220215,2.675750971,0.701008,7.85077858,72,0.400069773,39.26655579,119.6613998,-0.400390625,0.396638,0.050000001,1
1847,500.1090088,6.1689501,4748.220215,5.199047089,3.1846099,7.87765789,72,0.360306948,38.76772308,313.444519,-1.439453125,0.490659,0.050000001,1
1847,500.1090088,6.1689501,4748.220215,5.199047089,3.1846099,7.87765789,72,0.360306948,38.76772308,313.444519,-1.439453125,0.490659,0.050000001,1
1847,418.3739929,6.4263802,4624.240234,5.199047089,3.1846099,7.87765789,72,0.360306948,38.76772308,313.444519,-1.439453125,0.490659,0.050000001,1
1847,418.3739929,6.4263802,4624.240234,5.199047089,3.1846099,7.87765789,72,0.360306948,38.76772308,313.444519,-1.439453125,0.490659,0.050000001,1
1885,3.1622801,8.1368999,1139.949951,5.199047089,3.1846099,7.87765789,72,0.360306948,38.76772308,313.444519,-1.439453125,0.490659,0.050000001,1
1885,3.1622801,8.1368999,1139.949951,4.702105045,0.822506,6.997795582,46,0.503487766,41.00446701,268.1701355,-0.040039063,0.382739,0.050000001,1
1885,3.1622801,8.1368999,1139.949951,5.199047089,3.1846099,7.87765789,72,0.360306948,38.76772308,313.444519,-1.439453125,0.490659,0.050000001,1
1885,3.1622801,8.1368999,1139.949951,5.929986477,0.519336,6.358988762,46,0.523261964,47.21540833,70.80416107,0.639648438,0.376807,0.050000001,1
1885,3.1622801,8.1368999,1139.949951,3.365258455,9.70224,9.761146545,46,0.482286394,47.34291077,193.3116302,-0.759765625,0.388905,0.050000001,1
1885,3.1622801,8.1368999,1139.949951,5.199047089,3.1846099,7.87765789,72,0.360306948,38.76772308,313.444519,-1.439453125,0.490659,0.050000001,1
1885,3.1622801,8.1368999,1139.949951,2.584052324,0.902601,8.108841896,72,0.401117086,36.35576248,208.3053436,-2.240722656,0.50779,0.050000001,1
1869,176.0709991,2.4734399,1194.800049,4.702105045,0.822506,6.997795582,46,0.503487766,41.00446701,268.1701355,-0.040039063,0.382739,0.050000001,1
1885,3.1622801,8.1368999,1139.949951,3.365258455,9.70224,9.761146545,46,0.482286394,47.34291077,193.3116302,-0.759765625,0.388905,0.050000001,1
1885,3.1622801,8.1368999,1139.949951,5.929986477,0.519336,6.358988762,46,0.523261964,47.21540833,70.80416107,0.639648438,0.376807,0.050000001,1
1849,311.1300049,2.00038,3569.52002,5.199047089,3.1846099,7.87765789,72,0.360306948,38.76772308,313.444519,-1.439453125,0.490659,0.050000001,1
1885,3.1622801,8.1368999,1139.949951,5.199047089,3.1846099,7.87765789,72,0.360306948,38.76772308,313.444519,-1.439453125,0.490659,0.050000001,1
1885,3.1622801,8.1368999,1139.949951,3.365258455,9.70224,9.761146545,46,0.482286394,47.34291077,193.3116302,-0.759765625,0.388905,0.050000001,1
1885,3.1622801,8.1368999,1139.949951,0.316536576,0,8.599747658,55,0.582317054,45.30807114,71.56504822,0.080078125,0.523141,0.050000001,1
1885,3.1622801,8.1368999,1139.949951,5.199047089,3.1846099,7.87765789,72,0.360306948,38.76772308,313.444519,-1.439453125,0.490659,0.050000001,1
1870,12.0416002,2.5234201,1373.310059,5.199047089,3.1846099,7.87765789,72,0.360306948,38.76772308,313.444519,-1.439453125,0.490659,0.050000001,1
1847,84.1724014,6.1436601,4609.779785,5.199047089,3.1846099,7.87765789,72,0.360306948,38.76772308,313.444519,-1.439453125,0.490659,0.050000001,1
1847,84.1724014,6.1436601,4609.779785,2.74052,17.9500999,10.77126408,72,0.606762707,37.63671112,128.3349762,-1.759277344,0.389649,0.050000001,1
1847,84.1724014,6.1436601,4609.779785,4.702105045,0.822506,6.997795582,46,0.503487766,41.00446701,268.1701355,-0.040039063,0.382739,0.050000001,1
1869,166.8769989,2.3619399,1231.900024,2.675750971,0.701008,7.85077858,72,0.400069773,39.26655579,119.6613998,-0.400390625,0.396638,0.050000001,1
1870,12.0416002,2.5234201,1373.310059,5.199047089,3.1846099,7.87765789,72,0.360306948,38.76772308,313.444519,-1.439453125,0.490659,0.050000001,1
1886,267.618988,1.02399,1450.849976,4.326570034,0.378277,6.675911427,72,0.457897365,29.74961662,303.6844482,-0.360351563,0.421914,0.050000001,1
1890,502,3.0892701,1925.650024,0.291309118,0,8.682803154,55,0.519348264,22.07336807,148.9744873,0.080566406,0.409602,0.050000001,1
1844,185.3000031,4.77987,4851.399902,3.388105154,0.296008,6.921152115,72,0.602700591,29.35869789,153.2387695,0.399902344,0.360649,0.050000001,1
1844,185.3000031,4.77987,4851.399902,0.304435134,0.318801,11.20367813,46,0.479674786,37.4336853,170.537674,-0.080078125,0.453456,0.050000001,1
1844,185.3000031,4.77987,4851.399902,5.27428627,3.2309599,7.863209724,72,0.514548481,26.25286102,60.15067291,0.360351563,0.448872,0.050000001,1
1847,144.0140076,0.965103,3635.02002,0.304435134,0.318801,11.20367813,46,0.479674786,37.4336853,170.537674,-0.080078125,0.453456,0.050000001,1
1914,302.6549988,0.46806,1381.670044,0.304435134,0.318801,11.20367813,46,0.479674786,37.4336853,170.537674,-0.080078125,0.453456,0.050000001,1
1857,584.9660034,2.3666799,2519.340088,2.011407375,0.175598,7.443343163,46,0.5,13.50138664,304.8787842,0.081054688,0.478927,0.050000001,1
1845,358.0010071,2.9135001,5588.169922,0.943575561,0,7.507430077,55,0.453713119,34.8882103,31.96806145,-0.000488281,0.492403,0.050000001,1
1906,11.1802998,1.33411,2852.189941,0.943575561,0,7.507430077,55,0.453713119,34.8882103,31.96806145,-0.000488281,0.492403,0.050000001,1
1845,358.0010071,2.9135001,5588.169922,0.558607578,0.243742,9.823476791,46,0.567164183,19.34728622,63.42095184,-0.080566406,0.335018,0.050000001,1
1845,358.0010071,2.9135001,5588.169922,1.51876092,1.32566,9.429207802,72,0.486926198,33.50645828,57.08907318,0.041015625,0.393652,0.050000001,1
1846,2.8284299,2.31427,5213.120117,3.72904706,3.9105101,8.696824074,72,0.397142857,33.92115784,76.42547607,-1.239746094,0.391607,0.050000001,1
1858,428.6960144,2.4184501,2709.52002,4.956639767,6.0707302,8.554264069,72,0.512321949,24.32887459,98.70083618,0.398925781,0.434183,0.050000001,1
1858,428.6960144,2.4184501,2709.52002,2.783964634,0,6.424779415,72,0.567799389,22.27890396,332.7355347,0.119140625,0.411089,0.050000001,1
1920,229.8370056,1.56665,2372.600098,0.558607578,0.243742,9.823476791,46,0.567164183,19.34728622,63.42095184,-0.080566406,0.335018,0.050000001,1
1858,428.6960144,2.4184501,2709.52002,2.785209417,27.7297001,11.16926193,55,0.492676973,43.98268509,348.0867615,-0.200683594,0.601549,0.050000001,1
1885,39.2173004,0.644807,3045.52002,0.558607578,0.243742,9.823476791,46,0.567164183,19.34728622,63.42095184,-0.080566406,0.335018,0.050000001,1
1897,146.2940063,0.633086,3061.459961,0.943575561,0,7.507430077,55,0.453713119,34.8882103,31.96806145,-0.000488281,0.492403,0.050000001,1
1853,1047.75,1.22113,8768.870117,2.207379818,2.5053899,9.296197891,43,0.537613213,31.2319088,76.90325928,-0.119140625,0.447832,0.050000001,1
1853,1047.75,1.22113,8768.870117,2.207379818,2.5053899,9.296197891,43,0.537613213,31.2319088,76.90325928,-0.119140625,0.447832,0.050000001,1
1863,1356.810059,0.22266,2678.209961,1.44225,11.7073002,11.6262999,57,0.462869,19.1037006,351.0159912,0.120117,0.828436,0.100000001,0
1857,320.7820129,0.771155,3514.030029,0.764403,0.533677,9.9152699,48,0.506106,45.4277,78.6720963,-0.0395508,0.397311,0.050000001,0
1899,233.6170044,0.259301,1071.540039,2.1022601,0,6.7059798,57,0.491932,28.5051994,64.6624985,0.0791016,0.413827,0.050000001,0
1857,300.2030029,0.721857,3428.780029,3.13028,0.273436,7.0004702,57,0.499855,27.0750008,206.5700073,-0.0009766,0.429162,0.050000001,0
1863,1073.51001,3.43609,1963.670044,8.1800404,0.718721,6.03407,48,0.504266,44.9654999,85.0904007,0.639648,0.513449,0.050000001,0
1861,854.7020264,4.08742,2050.52002,0.412713,0.648289,11.2789001,57,0.465854,32.5367012,104.0360031,-0.0400391,0.412761,0.050000001,0
1858,354.1889954,1.6922801,2904.969971,5.1167898,6.71562,8.5868397,57,0.504847,32.480999,123.8479996,0.878906,0.453975,0.050000001,0
1901,1194.27002,1.44903,1139.630005,0.883452,0.616804,9.7705002,57,0.533578,37.4138985,171.897995,-0.0791016,0.409476,0.050000001,0
1858,625.0159912,1.61238,2824.600098,1.5755301,0.550092,8.6040401,57,0.526654,33.9802017,90.9322968,-0.199219,0.410389,0.050000001,0
1913,338.6520081,0.13223,1869.119995,1.99554,9.059,10.7284002,48,0.503923,29.2474003,127.8690033,0.0009766,0.396443,0.050000001,0
1857,543.0869751,1.6239901,2876.870117,0.6971,0.425848,9.8896599,57,0.570122,31.8852997,158.9620056,-0.240234,0.420578,0.050000001,0
1858,473.2950134,1.95119,2648.979981,0.774803,1.62281,10.9233999,57,0.555556,34.3536987,110.762001,-0.0791016,0.340472,0.050000001,0
1858,388.1820068,2.0838201,2661.979981,1.85067,0.484664,8.21984,57,0.585446,34.0831985,51.5615005,-0.0800781,0.552529,0.050000001,0
1907,150.3329926,0.355088,1155.339966,1.54052,0.806794,8.9629898,48,0.497385,4.0884299,125.7460022,-0.0791016,0.40615,0.050000001,0
1905,142.8359985,0.0891363,1217.229981,1.59919,1.95425,9.6877403,48,0.444444,33.0982018,80.0883026,-0.399902,0.421991,0.050000001,0
1939,539.3510132,0,1398.680054,4.6944599,1.23174,7.2871099,48,0.504225,20.6194992,56.7335014,0.0395508,0.915017,0.050000001,0
1869,467.7709961,2.4059701,405,4.65311,0,5.9097099,57,0.475803,33.0671005,339.2260132,0.599609,0.378081,0.050000001,0
1861,386.4530029,2.56706,1934.27002,1.77836,0,6.8734298,57,0.476602,36.8412018,117.6470032,0.0805664,0.67141,0.050000001,0
1863,80.2309036,4.3659701,1318.170044,1.60116,0,6.9784498,57,0.388652,38.2193985,345.5190125,0.0405273,0.368247,0.050000001,0
1934,209.3800049,0.10908,1584.650024,7.7035098,0,5.40172,48,0.537967,5.3631902,106.788002,0.879883,0.400119,0.050000001,0
1868,41,2.9022801,217.5890045,3.5717101,0.31209,6.8682499,57,0.508941,35.6413002,99.2684021,0.119629,0.496265,0.050000001,0
1862,154.5570068,1.61946,1545.329956,1.9649,0.171534,7.4667602,57,0.523398,34.8335991,284.7290039,0.0791016,0.387222,0.050000001,0
1902,673.5460205,0.239568,249.1609955,5.2659202,0.921658,6.8839798,48,0.458325,13.2779999,79.3295975,-0.999512,0.434087,0.029999999,0
1957,548.7960205,0.372589,1790.030029,2.1145799,0.553837,8.0864296,48,0.469829,12.4328003,155.5769958,-0.201172,0.443098,0.100000001,0
1932,533.0310059,0.118507,653.2689819,3.3248899,0.290473,6.9400301,48,0.5,4.8658199,43.1701012,0.160156,0.444438,0.050000001,0
1867,459.4790039,2.22035,444.1099854,1.39284,0.24314,8.2165098,57,0.461257,28.6548004,201.0319977,-0.439453,0.384943,0.050000001,0
1858,534.2000122,1.99184,1788.030029,2.1350801,5.4057102,10.0916996,57,0.539983,40.2792015,108.4400024,-0.0395508,0.404983,0.050000001,0
1916,829.1160278,0.0945316,286.5400085,10.4903002,11.1096001,7.6526799,48,0.532776,12.5771999,76.4942017,0.320313,0.375413,0.050000001,0
1897,801.901001,0.435689,14.5601997,3.5715499,17.7882996,10.2356005,48,0.471072,24.2061005,66.4927979,-0.480469,0.402914,0.050000001,0
1932,585.9869995,0.121739,544.3909912,4.2793999,1.1224101,7.3800602,48,0.476242,9.2205801,30.1634998,0.0405273,0.42514,0.050000001,0
1932,605.9550171,0.121739,525.1220093,4.2250099,2.5855601,8.08605,48,0.466734,9.2205801,39.7192001,-0.0395508,0.42514,0.029999999,0
1868,578.9990234,2.8987,384.3760071,0.559208,0.878415,10.9750996,48,0.492147,7.4223599,280.2799988,-0.0800781,0.38366,0.050000001,0
1936,384.6759949,0.240635,752.0490112,1.57679,0.275266,8.0924101,57,0.444369,33.8042984,272.7179871,0.0395508,0.399711,0.050000001,0
1859,1158.780029,1.5130399,1330.829956,2.1285999,18.3980007,11.2987003,57,0.470492,44.8286018,40.2314987,0.0009766,0.398092,0.050000001,0
1870,1112.01001,3.9293301,158.6730042,0.111913,1.41608,14.6231003,57,0.390244,35.2066994,206.5650024,-0.240234,0.335373,0.050000001,0
1866,1237.300049,5.2725902,586.9349976,2.47528,1.0807,8.3342199,57,0.355424,33.8235016,43.3614006,-0.84082,0.38397,0.050000001,0
1869,1232.839966,5.14399,274.9620056,6.6303201,1.74358,6.9396,57,0.565049,29.0189991,339.2430115,0.120117,0.399895,0.050000001,0
1871,1112.189941,3.6378701,53.338501,3.27949,2.57848,8.5632496,57,0.418871,38.0220985,236.201004,-0.360352,0.459555,0.029999999,0
1865,1267.25,8.97717,130.5449982,0.576132,0,8.0008297,57,0.659072,38.0754013,92.5502014,0.438965,0.414059,0.050000001,0
1918,298.0599976,0.0003101,2040.73999,13.1401997,19.8425999,7.7463899,48,0.504821,14.2564001,2.7275801,0.120117,0.455857,0.050000001,0
1846,2981.73999,0.859475,5722.939941,2.3060501,0,6.6133699,49,0.70208,27.0540009,99.3526001,1.28027,0.445818,0.050000001,0
1905,607.3850098,1.09911,225,5.7149701,16.0121002,9.1995401,55,0.504454,41.1949997,68.7116013,-0.0800781,0.429406,0.050000001,0
1853,2457.600098,1.0714099,2351.530029,1.06276,0,7.3884602,46,0.479024,52.0863991,221.1809998,0.15918,0.615151,0.050000001,0
1847,2665.310059,2.16728,5042.359863,1.50427,0.393901,8.4272003,47,0.494204,23.4652996,158.5570068,-0.0390625,0.394001,0.050000001,0
1853,2637.830078,1.4216501,2764.26001,2.1477001,0,6.6845798,49,0.501683,26.3236008,24.7915993,0.0800781,0.386045,0.050000001,0
1936,79.177002,0.373659,1415.76001,12.5768995,8.9239702,7.0985599,55,0.501586,46.1917,50.6441002,0.0400391,0.557004,0.050000001,0
1846,2637.679932,0.615186,5728.629883,1.95269,0.511402,8.1661396,46,0.531193,21.7956009,346.6629944,-1.04102,0.404866,0.050000001,0
1851,2263.189941,2.36886,3133.100098,0.44765,0.117195,9.6394596,49,0.5,31.4298992,333.4349976,0,0.375591,0.050000001,0
1955,407.0390015,0.509005,1776.400024,3.3340099,6.6992302,9.4221897,49,0.507042,30.5944004,79.1899033,0.0395508,0.442329,0.050000001,0
1948,249.8820038,0.633492,1605.630005,3.96122,22.1585999,10.2456999,55,0.557991,47.8056984,94.3343964,0.121094,0.462217,0.050000001,0
1850,2228.929932,0.880219,2778.550049,1.04711,4.3865399,11.2951002,55,0.4375,41.0984001,33.3241997,-0.280762,0.444759,0.029999999,0
1853,2141.330078,1.07444,2475.25,0.66019,0,7.8646202,55,0.566545,37.9734001,60.5080986,-0.0791016,0.434607,0.050000001,0
1844,2107.01001,0.914343,5408.379883,0.205987,0,9.0293798,46,0.499564,30.5830002,103.973999,0.760254,0.492219,0.050000001,0
1958,561.4429932,0.917074,2074.340088,1.35348,2.4807899,10.2376003,49,0.495928,33.3665009,85.771698,-0.0795898,0.423086,0.050000001,0
1849,1861.069946,2.4800501,3595.209961,4.1254401,0,6.03054,49,0.538056,32.2522011,90.3475037,1.28076,0.399153,0.050000001,0
1954,656.507019,1.77995,1923.02002,2.3022201,11.0556002,10.6403999,49,0.58664,34.3282013,124.3809967,-1.84033,0.413277,0.050000001,0
1958,423.4349976,1.25892,2051.909912,1.48633,0.908138,9.13235,49,0.492442,34.5928993,222.2709961,-0.0410156,0.44373,0.050000001,0
1928,781.0720215,0.758592,1098.219971,2.5792401,0.450459,7.5998802,49,0.485354,34.5657997,78.2646027,0.0395508,0.410412,0.050000001,0
1940,674.0629883,1.8368,1561.819946,1.55667,0,7.00665,55,0.490011,33.857399,95.5463028,0.240234,0.399144,0.050000001,0
1848,1562.140015,2.4829299,3755.580078,1.66197,3.48175,10.1599998,55,0.484375,51.1990013,226.2200012,-0.401367,0.407007,0.050000001,0
1847,1405.5,2.06475,4839.560059,3.3029201,0,6.25353,55,0.503662,51.0269012,97.3948975,0.55957,0.579652,0.050000001,0
1856,790.7579956,1.18462,799.9249878,1.9302,0.168503,7.4845901,46,0.444601,36.4762001,126.5660019,-0.0810547,0.435312,0.029999999,0
1949,122.6910019,1.60728,1873.219971,5.8653698,8.2181997,8.5100899,49,0.495906,30.3206997,306.32901,0.0810547,0.377682,0.050000001,0
1940,336.6900024,2.7736399,1366.76001,2.1403301,1.68177,8.9905996,49,0.512676,33.5466003,165.7949982,-0.0800781,0.429283,0.050000001,0
1952,407.5409851,2.66696,1504.109985,1.9569499,0,6.7776699,49,0.457277,33.6829987,114.9309998,0.47998,0.413559,0.050000001,0
1853,1000.890015,1.56327,1635.410034,2.7332499,0.477396,7.5418,55,0.501408,24.9902,219.8000031,0.0800781,0.490039,0.050000001,0
1852,981.0449829,0.997811,1845.76001,0.333867,6.32235,13.9308996,49,0.582317,35.9644012,12.9946003,-0.0800781,0.367554,0.050000001,0
1923,1,1.35147,970.3709717,2.4700301,36.0186996,11.6686001,49,0.506461,18.9430008,58.2421989,-0.0805664,0.571482,0.050000001,0
1901,101.3560028,0.862008,979.5040283,1.13615,0,7.32166,55,0.451587,22.1669006,129.6380005,0.119141,0.435723,0.050000001,0
1849,809.4840088,2.55164,3480.449951,1.84585,14.5021,11.3470001,55,0.516901,52.1300011,98.566803,-0.520996,0.392389,0.050000001,0
1945,286.3999939,2.8763299,854.5499878,9.3386497,6.5778499,7.4035902,49,0.500544,32.3592987,354.7799988,0.0791016,0.377438,0.050000001,0
1857,211.4730072,0.0091299,1142.930054,2.9853599,0.260753,7.0479598,49,0.491608,34.7784996,296.3500061,0.0805664,0.4757,0.050000001,0
1847,394.1229858,6.4608402,4685.720215,1.53678,0.134139,7.7126598,49,0.505796,28.7297993,338.0299988,-0.0009766,0.387288,0.050000001,0
1851,382.9410095,1.81332,3314.01001,1.55275,0.542137,8.6185999,55,0.491329,35.7142982,104.9430008,-0.0395508,0.378982,0.050000001,0
2015,349.6740112,0.904751,902.7269897,7.3668599,7.1107798,7.9318299,55,0.500566,44.4651985,336.3959961,-0.0390625,0.477017,0.050000001,0
1957,244.201004,0.304593,367.3959961,1.83092,0.479489,8.2305803,55,0.502441,45.5730019,324.9909973,0.0800781,0.436975,0.050000001,0
1851,546.8049927,1.32538,3004.219971,1.2205,0.213046,8.3486404,55,0.490309,35.8917007,144.9989929,-0.0390625,0.450326,0.050000001,0
1855,124.5309982,0,1621.579956,4.7848802,0.418526,6.5748,55,0.501757,36.0513,124.3550034,-0.119629,0.39641,0.050000001,0
1849,294.803009,1.49599,3263.689941,2.3689599,0.206845,7.2795701,46,0.448421,45.0558014,82.7174988,-0.0800781,0.397475,0.050000001,0
2012,159.7030029,0.173007,1120.619995,0.696705,0.425607,9.8902302,49,0.466422,28.7262001,68.9768982,-0.0800781,0.420641,0.029999999,0
2023,283.2099915,0.420483,866.8309937,3.70504,0.647544,7.2369599,49,0.594214,33.1501007,3.09266,0.0405273,0.419148,0.050000001,0
2004,377.256012,0.124958,310.0580139,29.6084995,17.0478992,5.9122801,49,0.502718,30.8661003,16.0783005,0.359863,0.440237,0.050000001,0
1854,343.5130005,0.0063406,1739.819946,2.0575399,2.5148001,9.4355497,55,0.513146,45.5508995,25.9379997,-0.121094,0.435989,0.050000001,0
1856,632.1140137,0.0717902,1596.550049,0.3828,1.13579,11.9650002,49,0.518293,16.7182007,101.3099976,0,0.381218,0.050000001,0
2006,196.4989929,0,1527,4.5688,0,5.9280701,49,0.573807,28.1875992,258.3190002,0.560059,0.435952,0.050000001,0
2023,165.5839996,0,1119.560059,2.8073699,0.980725,8.0258303,49,0.491166,25.7914009,331.8359985,0.0795898,0.466566,0.050000001,0
1915,540.7150269,0.404904,1137.640015,5.4471798,2.38393,7.5430799,72,0.458685,22.2464008,231.7070007,-0.76123,0.411337,0.029999999,0
1849,12.0416002,0.905732,3460.280029,3.33744,0.583143,7.3417201,72,0.509989,18.6455994,196.5330048,-0.0800781,0.422668,0.029999999,0
1907,729.4140015,0.217194,932.2329712,3.0924599,0,6.3195,55,0.479607,47.8642998,337.1619873,0.240723,0.471496,0.100000001,0
1848,44.6542015,0.727687,3500.090088,1.2009701,0,7.26617,55,0.57277,21.9500008,267.6409912,0.239258,0.433188,0.050000001,0
1971,189.1719971,0,18.6011009,24.118,0,4.2048702,55,0.486929,19.2418003,43.7397995,3.08057,0.442888,0.029999999,0
1907,40.8167,0.578463,1638.73999,7.3769598,1.94199,6.83183,49,0.506335,24.2691002,88.6392975,-0.240234,0.407827,0.050000001,0
2037,353.3619995,0,1051.75,3.5847399,1.87939,8.1173601,49,0.496512,19.2362995,329.8659973,-0.0400391,0.422821,0.050000001,0
1844,89.5878983,2.9737501,5235.870117,0.304435,0.557902,11.7298002,49,0.54007,20.5422993,99.4623032,-0.200195,0.459804,0.100000001,0
2021,427.1119995,0,1394.77002,10.5297003,0.929363,5.77704,49,0.510214,21.5044003,238.9920044,-0.0009766,0.905415,0.050000001,0
2066,209.7810059,0,677.0670166,2.45455,0,6.55089,72,0.464738,24.7138996,183.5070038,0.439453,0.478292,0.050000001,0
1899,342.5320129,1.23397,2306.929932,2.5616901,0.223695,7.2012501,72,0.463579,26.1119995,95.6060028,0.158691,0.38406,0.050000001,0
1844,447.7720032,1.05786,5867.459961,0.364361,0.0953892,9.8453302,55,0.52439,9.8322201,254.0549927,-0.400391,0.459824,0.050000001,0
2044,255.2669983,0,970.0079956,10.9260998,95.5539017,9.6512299,46,0.506806,24.0233002,19.0979004,-0.0390625,0.433757,0.029999999,0
1847,146.8200073,0.398798,4478.810059,1.80284,0.472131,8.2460403,46,0.493652,19.3068008,213.6790009,-0.0410156,0.433886,0.050000001,0
1932,144.451004,0.985562,1913.180054,5.7255998,4.5118299,8.0037403,72,0.557105,18.0856991,22.8682003,0,0.39894,0.050000001,0
1906,70.6612015,1.43329,2769.469971,4.7602601,0,5.8868399,72,0.543391,22.4950008,336.7990112,0.359375,0.409081,0.050000001,0
1849,331.2539978,0,3537.030029,0.176949,0.0926492,11.1272001,55,0.332518,17.8950996,98.1300964,-0.160156,0.39634,0.029999999,0
1907,287.3129883,0.90216,3104.77002,0.176949,0.0772077,10.9730997,72,0.554878,21.6126995,261.8699951,0,0.37994,0.050000001,0
1925,242.9589996,1.41582,2396.699951,4.9504399,455.1650085,12.8058996,72,0.533892,19.1653004,66.8013992,-1.71875,0.432136,0.050000001,0
1909,76.2955017,0.450532,3067.090088,1.74988,0.611002,8.4990196,72,0.47998,24.5261993,306.8900146,0,0.559834,0.029999999,0
1918,465.6260071,0.437215,3060.070068,0.316537,0,8.5997496,72,0.587108,35.5765991,161.5650024,0.280273,0.386198,0.050000001,0
1918,41.0121994,0.865737,3052.340088,8.60886,1.5139101,6.3877001,72,0.563911,14.0497999,51.3697014,1.16113,0.405973,0.029999999,0
1913,532.2349854,0.280069,3433.840088,2.8295,0.741351,7.7948198,72,0.516789,24.9200001,31.9981995,-0.0800781,0.501597,0.029999999,0
1849,369.8179932,0,4012.909912,0.936067,0,7.51542,55,0.365301,10.9287004,304.1300049,0.239746,0.38613,0.050000001,0
1849,315.7529907,0.042238,4915.549805,0.856431,0,7.6043501,55,0.546287,7.33214,263.2669983,0.200195,0.36448,0.050000001,0
1849,178.8990021,0,4200.799805,2.2676499,0.19799,7.3233199,55,0.666667,8.5228996,318.57901,0.959961,0.394611,0.100000001,0
1851,626.0839844,0,6840.52002,2.8907001,0.504941,7.4857101,46,0.484162,20.6830006,52.7308998,-0.0410156,0.442059,0.050000001,0
1851,213.8249969,0,7279.790039,0.797494,0.556783,9.87288,46,0.625971,23.7882996,32.2122002,0.119629,0.492145,0.029999999,0
1851,84,0,7588.509766,0.977571,0.170632,8.5706396,46,0.487324,4.7562399,327.5450134,-0.0810547,0.483297,0.029999999,0
1852,884.5349731,0,6157.810059,0.0707797,0.25324,13.8353004,46,0.609756,22.3509007,225,0,0.467635,0.100000001,0
1854,565.9349976,0,7068.890137,2.0011101,0.698791,8.3647699,43,0.540511,4.46141,279.3559875,0,0.395878,0.050000001,0
1853,1069.310059,0,6309.27002,3.5508699,2.48211,8.37819,43,0.582746,15.9645996,327.6440125,0.439453,0.465743,0.050000001,0
1855,671.007019,0,7092.950195,3.6556101,0.95832,7.5381198,43,0.480817,8.6960497,319.9979858,0.160156,0.45908,0.029999999,0
1853,681.7349854,0.856782,8281.980469,0.863623,0.301479,9.2054195,43,0.500611,10.8280001,80.0084,0,0.406319,0.050000001,0
1856,186.9360046,0,7687.620117,1.83889,10.2735996,11.0143003,43,0.527463,33.2477989,313.8970032,-0.639648,0.413456,0.050000001,0
1851,1950.719971,0.230994,9660.030273,0.602237,0,7.9565101,43,0.555556,15.8872995,228.3690033,0.44043,0.434973,0.050000001,0
1854,1285.209961,0.975595,9110.370117,1.07672,0.281914,8.7616901,43,0.499564,26.1026001,21.7954006,-0.0009766,0.651251,0.100000001,0
1852,1965.170044,0.137545,9779.459961,2.97509,5.4569502,9.4493103,43,0.326297,16.5879002,114.8379974,-1.39893,0.738573,0.050000001,0
